Message,TimeSent
:D,2025-05-23 08:55:43.592146
Lmao it's 2025,2025-05-23 08:55:53.98845
Canadanna,2025-05-23 08:56:20.234516
prostate*,2025-05-23 08:59:44.905642
Jesus is king,2025-05-23 08:58:39.188417
Press F to pay respects to joe biden's balls,2025-05-23 08:59:39.300041
Me just snorted a line,2025-05-23 08:56:37.809104
i'm goinna be so ghigh,2025-05-23 08:56:50.96797
i sexually identify as a hacker respect me,2025-05-23 08:57:52.285306
Press F to fucking die,2025-05-23 08:59:19.647033
I love christ,2025-05-23 08:58:33.631808
fact it's real,2025-05-23 09:02:59.790278
boobs,2025-05-23 09:00:21.863129
jklmafo,2025-05-23 09:02:04.73467
Tossing a stun in your mom's room lol,2025-05-23 09:02:46.659791
superresolution reality,2025-05-23 09:03:12.835429
sbeve,2025-05-23 09:04:01.671849
hbeve,2025-05-23 09:04:11.607115
i am sbeve,2025-05-23 09:04:22.293944
Wow! it's you,2025-05-23 09:04:32.606863
Look within then awake,2025-05-23 09:04:52.896179
Dreaming,2025-05-23 09:05:07.6427
Getting absoluely banged by some dudes here :(,2025-05-23 09:06:14.651001
:3,2025-05-23 09:07:42.456952
Skidbidi,2025-05-23 09:08:10.231244
Guess what skibidi,2025-05-23 09:08:50.281016
i seen satanic skibidi,2025-05-23 09:09:51.944273
Jesus is like forgiven for you know not what you did,2025-05-23 09:11:21.843585
I'm imaginging the map getting randomized into cubes of random parts of the map#,2025-05-23 09:12:54.851288
like imagine it,2025-05-23 09:02:53.237061
why did fishtank look like badly trained ai that generates reality?,2025-05-23 09:03:35.068862
They have learned how to dodge all attacks,2025-05-23 09:06:37.925158
Claymores are so cute,2025-05-23 09:07:24.728243
Awwwww,2025-05-23 09:07:28.144657
Toliet,2025-05-23 09:08:21.566411
is funny only when in spongebob,2025-05-23 09:08:30.727357
somehow it turned like that on the devil's lettuce,2025-05-23 09:10:06.358838
Nevermind,2025-05-23 09:10:53.857047
Me,2025-05-23 09:11:28.966029
Unicoonuni,2025-05-23 09:20:05.101429
The messiah has cometh he's the only way to heaven deliverer of harm,2025-05-23 09:21:13.058103
When he makes you go pain it's a blessing not a curse,2025-05-23 09:22:04.259405
or bang atilda,2025-05-23 09:18:49.692201
it sounds like bang a dildo the sniper sound saying that,2025-05-23 09:18:37.276873
in joyce,2025-05-23 09:20:29.956255
everyone rejoice!,2025-05-23 09:20:47.813653
Think of Job,2025-05-23 09:22:19.489147
Void doing nothing,2025-05-23 09:23:00.687077
pfffft no afterlife are you guys clueless?,2025-05-23 09:23:41.019259
Jordan Peterson crabmeister,2025-05-23 09:24:19.817497
amoinmoininoid,2025-05-23 09:19:08.622006
He allows you to go through trials,2025-05-23 09:21:30.250887
Endurance is building,2025-05-23 09:21:40.55284
Lol Job application time,2025-05-23 09:22:29.272513
My black magic leads eyes staring into space,2025-05-23 09:23:20.696959
LMAFO,2025-05-23 09:24:36.789983
Everyone anyone,2025-05-23 09:24:48.822236
Meow#,2025-05-23 09:19:58.908152
nigga nigga nigga bitch nigga,2025-05-23 09:20:13.398415
SAS,2025-05-23 09:26:01.824173
Guy's these people are jewish#,2025-05-23 09:23:57.768221
Jordan peterson has crabs,2025-05-23 09:24:32.251735
CIA says that to stop people from... don't know,2025-05-23 09:25:10.72034
Modern Warfare 2: LSD edition (sheets of LSD in DVD case) awesome :D,2025-05-23 09:25:35.463818
MI5,2025-05-23 09:25:55.652757
Allah is an idol,2025-05-23 09:26:34.22097
01010101010101,2025-05-23 09:29:12.003885
Holy yes but did he die for us?,2025-05-23 09:27:31.61751
what if got was actuallly just a word greater?,2025-05-23 09:28:57.467276
gg,2025-05-23 09:31:03.755043
Jesus went through the pain of everyones sins and they call allah creator of everything,2025-05-23 09:27:12.954492
Jesus is the way the truth and the life feel intense joy,2025-05-23 09:27:59.509578
-+,2025-05-23 09:29:07.343576
They say god is greater not the greatest,2025-05-23 09:28:45.073012
Do you forgive me?,2025-05-23 09:30:23.83517
FF > EE > DE > EA > AD > BE > EE > FF OKA|Y ILL STOP,2025-05-23 09:29:38.109496
I have some lions mane,2025-05-23 09:31:37.585378
god*,2025-05-23 09:29:04.170346
I've actually died i heard it,2025-05-23 09:33:09.724596
it was like gushing knife sound with dopamine hits for the enemy,2025-05-23 09:34:06.186634
You won't see death with Jesus almighty (he has rebuked an attack),2025-05-23 09:35:24.745379
--__ __--,2025-05-23 09:36:14.502657
bucktooth,2025-05-23 09:37:26.287196
--______-- God's face vs --___ ___-- stand here and wait to be saved face,2025-05-23 09:37:11.252643
--___ ___--,2025-05-23 09:37:17.911733
Somebody help,2025-05-21 10:32:11.442751
HIIIIIIIIIIIIIII,2025-05-21 10:32:19.676873
yearnmeister,2025-05-21 10:33:41.918761
i yearn for the ump,2025-05-21 10:33:59.48572
Hi everyone!,2025-05-21 10:32:02.693783
Manifest cum,2025-05-21 10:46:31.805771
Where is everyone?,2025-05-21 10:47:25.188478
Stand here and wait to be saved,2025-05-21 10:54:46.639415
GG,2025-05-22 10:44:33.613743
Here take the care package,2025-05-23 08:54:24.272937
aka love package,2025-05-23 08:54:28.377441
Yooo brois,2025-05-23 08:53:32.804639
<3,2025-05-23 08:54:35.621988
:3,2025-05-23 08:54:44.955952
You're really fast,2025-05-23 21:21:08.609473
Manifest skidrow map into mind,2025-05-23 21:22:13.40468
Sorry,2025-05-23 21:22:57.102515
Fat femboy,2025-05-23 21:23:23.78248
ahahahaa,2025-05-23 21:23:33.643768
radio.what,2025-05-23 21:24:01.500081
radio.hgmservers?,2025-05-23 21:24:10.66982
Defeated,2025-05-23 21:24:54.873645
is the server backdoored?,2025-05-23 21:18:15.109392
Choese,2025-05-23 21:19:25.987004
Do you see the map?,2025-05-23 21:21:22.430334
Manifest downloading skidrow unto neuronal network of brain,2025-05-23 21:22:35.634245
Nigga link,2025-05-23 21:22:52.532224
Dingus punished,2025-05-23 21:23:08.559581
gg,2025-05-23 21:25:02.943758
Keeping peace,2025-05-23 21:27:33.66719
i can't read,2025-05-23 21:28:05.031171
No way something just fell out of mid air,2025-05-23 21:30:33.68215
That one thought thatwould trigger it,2025-05-23 21:31:01.744865
The scarH,2025-05-23 21:32:21.380655
Does more alcohol cure headache?,2025-05-23 21:20:04.926173
Because no thought,2025-05-23 21:21:41.471516
Trails of numbers :D,2025-05-23 21:26:13.599845
i can't see,2025-05-23 21:21:30.266516
Noone,2025-05-23 21:25:44.778997
i want LSD,2025-05-23 21:26:22.687236
LSA is terrible,2025-05-23 21:26:42.720441
Loving the saviour loving the saviour loving the saviour,2025-05-23 21:29:01.93053
carts?,2025-05-23 21:20:23.125147
The numbers mason!,2025-05-23 21:25:38.052949
Extreme major vasoconsctriction,2025-05-23 21:27:00.705727
You made me think about humility,2025-05-23 21:27:56.170364
OML,2025-05-23 21:29:19.63715
Notcamping,2025-05-23 21:29:47.880748
Like the water turning on by something,2025-05-23 21:30:47.973476
Should i be gooning?,2025-05-23 21:31:32.74098
Ripe,2025-05-23 21:32:14.678052
and the propylene glycol ak47u on bo1,2025-05-23 21:32:40.353746
affirm gay,2025-05-23 21:37:14.396381
Killed by the all mighty,2025-05-23 21:38:21.499471
with scissors,2025-05-23 21:40:05.041423
ahahaha,2025-05-23 21:40:13.588624
what did you saya gain,2025-05-23 21:40:42.438997
Seeking vision made me see through others eyes,2025-05-23 21:41:33.303638
You're in the astral,2025-05-23 21:42:09.482247
Bleck megic,2025-05-23 21:43:49.62174
how many things to do with this game has to do with neuron activation?,2025-05-23 21:52:29.725375
Devour is here,2025-05-23 21:54:15.800369
Amoinmoinmonaloid,2025-05-23 21:55:34.354355
gg,2025-05-23 21:55:46.627635
You're railing a dude,2025-05-23 21:56:16.80415
You're the saviour,2025-05-23 21:57:30.226588
You can see my face,2025-05-23 21:58:41.423673
Vitamin c,2025-05-23 22:02:28.062553
I feel serotonergic fried,2025-05-23 22:03:18.014605
QUICKMESSAGE_MOVE_IN,2025-05-23 22:03:59.636952
QUICKMESSAGE_FOLLOW_ME,2025-05-23 22:04:08.288931
QUICKMESSAGE_MOVE_IN,2025-05-23 22:04:11.852094
Lagger = stinker,2025-05-23 22:05:00.403525
Hmmmm smoke,2025-05-23 22:05:54.466239
okay affirmative,2025-05-23 21:32:58.183674
God lifts his hand up unto heavens glorious splendor,2025-05-23 21:34:06.30269
i sniped it,2025-05-23 21:39:53.57604
is that real world $?,2025-05-23 21:42:35.481278
how many things is a human?,2025-05-23 21:52:50.24506
is that a SOG,2025-05-23 21:54:28.248703
Someone wrote SOG on my paper,2025-05-23 21:54:43.372069
For some spicy powder,2025-05-23 21:55:06.033708
wtf,2025-05-23 21:56:45.871125
:3,2025-05-23 21:56:52.674164
Laggers a stinker,2025-05-23 22:02:53.042481
Like dopamine is entering into serotonin neurons,2025-05-23 22:03:40.435162
Go home and jerk off,2025-05-23 22:06:34.986257
i've seen someone next to explosions go uninjured,2025-05-23 22:07:15.398506
that was in higher consciousness,2025-05-23 22:07:33.670046
you cab cheat with amphet,2025-05-23 22:08:32.718708
everyone everybody everywhere everytime everything...,2025-05-23 22:09:18.098456
all knowingly place the church,2025-05-23 22:10:05.92522
what do you want to incorporate into it's structure free energy?,2025-05-23 22:10:32.310194
yay!,2025-05-23 22:10:40.108848
Haku,2025-05-23 21:35:23.465191
that was a certified laugh out loud moment,2025-05-23 21:40:25.572361
White magical angelic magic,2025-05-23 21:44:05.441017
Astrochickentikka inseclopanoid,2025-05-23 22:00:35.049005
My face magically changes based on what i think,2025-05-23 22:00:52.589111
i made it a sinker,2025-05-23 22:06:07.030347
God is highlighting the path,2025-05-23 22:06:48.888247
while praying,2025-05-23 22:07:23.784938
Sacrifice food sex power,2025-05-23 22:07:59.739105
seek one of those it's interesting,2025-05-23 22:09:29.903503
lagger is bae,2025-05-23 22:11:07.904532
--___ _______--,2025-05-23 22:12:22.45774
i am humble,2025-05-23 21:36:22.649921
Godhand,2025-05-23 21:38:28.256933
lagger stinker,2025-05-23 21:39:06.854648
JD Vance,2025-05-23 21:39:23.829977
left,2025-05-23 21:39:26.299045
When you dream while awake you have this ability,2025-05-23 21:41:54.489019
it's spooky in dreams,2025-05-23 21:44:20.040073
Telegram AstralheavenlyG,2025-05-23 21:58:35.679142
Do you wanna hide?,2025-05-23 22:01:09.063301
begin to see cars,2025-05-23 22:09:43.795624
ggs,2025-05-23 22:11:19.365701
God will be the judge of that,2025-05-23 22:11:50.868832
--________ ___--,2025-05-23 22:12:14.114017
God can probably see new colours to the highest possible infinity,2025-05-23 22:26:49.991264
creepy looking,2025-05-23 22:27:43.698412
it was on the water,2025-05-23 22:27:54.578974
Absolutely everything is produced!,2025-05-23 22:29:33.104481
Successfully redeemed!,2025-05-23 22:31:49.163483
oh my god means your god is...,2025-05-23 22:32:59.257422
Yourselfs god,2025-05-23 22:33:14.151898
Don't stop believing,2025-05-23 22:34:07.752979
--_________ ____--,2025-05-23 22:34:38.703939
Major,2025-05-23 22:34:46.420979
I could hear people dying on MW2 when i eatfood,2025-05-23 22:35:51.64871
i yeet ass,2025-05-23 22:38:50.619746
Boil them and put them in a pot (africa),2025-05-23 22:40:10.848243
Tuna uber shits,2025-05-23 22:40:42.573577
Guess what,2025-05-23 21:35:28.352367
He got mad when i didn;t know what rejoice meant,2025-05-23 22:12:46.702259
imagine the bible was a communist manifesto,2025-05-23 22:18:01.978161
"Manifest destruction, deletion and removal of every communist manifesto in the world",2025-05-23 22:18:29.454311
i tried to delete the darkness,2025-05-23 22:19:48.886838
Highest possible infinity of AI generated colour,2025-05-23 22:25:50.977497
I made a AI that couldn't escape they seen it on the boat,2025-05-23 22:27:35.647067
Fallen angel technology,2025-05-23 22:28:22.376928
Have you seen it?,2025-05-23 22:29:08.838567
QUICKMESSAGE_MOVE_IN,2025-05-23 22:32:17.325262
Machine elves,2025-05-23 22:33:23.044333
When everyone was joyous,2025-05-23 22:36:02.478192
Golden 1,2025-05-23 22:36:11.710998
crpay cheeser,2025-05-23 22:37:47.659162
Go buy kush with that,2025-05-23 22:38:28.442644
yeet,2025-05-23 22:38:37.680486
Dr spicy,2025-05-23 22:39:55.619641
uber shits,2025-05-23 22:41:00.617328
Like winged fallen angels approaching me,2025-05-23 21:44:44.134727
and you had to keep dodging white holes,2025-05-23 22:21:21.931089
Truth won't bound you in bondage,2025-05-23 22:39:21.538198
opposite of uber eats,2025-05-23 22:40:52.31417
what do the credits do?,2025-05-23 22:43:50.26523
it's sam hyde cash,2025-05-23 22:44:15.054498
black in colour,2025-05-23 21:44:53.278665
:3,2025-05-23 22:43:54.83509
It's sam hyde cash,2025-05-23 22:50:50.806295
Really truly i tell you it's sam hyde cash,2025-05-23 22:51:30.008756
Superpsyches,2025-05-23 22:18:57.356351
what does blasphemous heaven mean>,2025-05-23 22:22:01.050255
it's fishpoints,2025-05-23 22:44:25.930625
How tf am i minus,2025-05-23 22:50:31.120308
i am infinitely joyous,2025-05-23 22:14:36.55179
Ye yeets jews,2025-05-23 22:16:00.248481
Woe,2025-05-23 21:45:42.835068
i am incredibly joyous,2025-05-23 22:13:12.412309
May god bless you with joy,2025-05-23 22:14:10.282587
They made the door squeak,2025-05-23 22:19:09.708862
Absoluely mogged yes,2025-05-23 21:46:02.336313
infinite feel joy,2025-05-23 22:14:21.693553
I just need more drugs then voice is fine,2025-05-23 21:46:11.274436
i can;t talk properlu,2025-05-23 21:46:44.754373
:(,2025-05-23 21:46:59.291901
Sounded like asuperpsyche,2025-05-23 22:19:27.795129
weeeeeeeeeeee,2025-05-23 21:47:04.943093
enjoyce,2025-05-23 22:19:34.897993
birds go weeeeeeeeeeee,2025-05-23 21:47:10.551048
Did you see?,2025-05-23 21:48:46.65391
i might just sell my soul,2025-05-23 21:47:53.732067
Like satan from the collective conscious,2025-05-23 22:20:02.547458
wgaf,2025-05-23 21:48:08.809496
Adrenaline,2025-05-23 21:49:11.666012
Watch this,2025-05-23 21:48:25.86106
Neuron activation,2025-05-23 21:52:03.460984
lagger,2025-05-23 22:13:58.408541
w,2025-05-24 01:11:16.21154
Hey everyone,2025-05-24 01:11:44.667343
My pupils are dilated,2025-05-24 01:12:19.373469
Noooo XD,2025-05-24 01:12:37.915278
Anyone used to hack xbox?/,2025-05-24 01:13:35.550672
Woebox,2025-05-24 01:15:21.541998
The servants of God were getting pleasured,2025-05-24 01:17:23.431684
Crows sounded like they were dying,2025-05-24 01:18:20.039755
like spider nest,2025-05-24 01:18:53.456566
:objective:,2025-05-24 01:21:34.571127
:oo,2025-05-24 01:21:44.774938
do do do do do,2025-05-24 01:23:21.293445
You're in the infinite know how,2025-05-24 01:23:49.529676
i could see new colours,2025-05-24 01:27:13.316898
superphoton,2025-05-24 01:27:52.124382
I love moths,2025-05-24 01:31:43.061292
and 3:33,2025-05-24 01:32:52.791266
but you need him to enlighten,2025-05-23 22:20:15.347448
:,2025-05-24 01:11:13.449393
wa1ww,2025-05-24 01:13:53.372383
Why weer the birds orgasming>?/,2025-05-24 01:16:37.112344
It's a female black bird,2025-05-24 01:17:49.133775
something doesn't seem right about it,2025-05-24 01:19:06.285492
Maybe that's the superevolved spiedr,2025-05-24 01:19:50.968088
The matrix light is off,2025-05-24 01:25:18.139424
There was a matrix van,2025-05-24 01:25:28.958887
And on GTA V someone callled matrix,2025-05-24 01:25:45.991929
The misinterpreted noises turned into heaven radio,2025-05-24 01:26:19.249098
You should see the colour ^4Blue ^5Blue sky,2025-05-24 01:27:03.891124
Light is weird video,2025-05-24 01:27:33.218228
i've confirmed matter in 4D,2025-05-24 01:28:16.583901
I wanna trip,2025-05-24 01:30:41.151982
::D MOTHS,2025-05-24 01:31:38.361582
giant moth,2025-05-24 01:32:04.045239
More than chance allows,2025-05-24 01:33:05.129778
We both say something at same time,2025-05-24 01:33:49.965219
Eye's radiate darkness,2025-05-24 01:34:03.166837
credifycandi,2025-05-24 01:34:32.212262
God want's neither or one to win,2025-05-24 01:35:43.006001
sbeve,2025-05-24 01:41:11.784101
^1May the world guide you,2025-05-24 01:41:41.846697
1,2025-05-24 01:42:34.274875
Time is non-linear,2025-05-24 01:42:58.728085
communist butt,2025-05-24 01:44:08.652071
Phenibut,2025-05-24 01:12:25.507896
i swear theres something in my room,2025-05-24 01:18:48.330575
spooky,2025-05-24 01:19:18.206215
gg,2025-05-24 01:20:48.098175
The predator missle is joe biden's dick,2025-05-24 01:21:28.873607
i don't worship daddy long legs,2025-05-24 01:22:02.76409
Memory reboot loving the saviour loving the saviour loving the saviour,2025-05-24 01:23:07.035494
my vision was like  ^10^21^10^21^10 ^0,2025-05-24 01:24:47.331731
Yeah no jjoke,2025-05-24 01:27:21.755264
Was satan teaching me this?,2025-05-24 01:28:27.931164
if you 01010101001010 titlename maximum the 1 sits on the pyramid,2025-05-24 01:30:23.515645
pwnski,2025-05-24 01:31:02.210096
pwndski,2025-05-24 01:31:13.608223
Lol brother ducked under one pure shitting it,2025-05-24 01:31:53.267303
to exact same it was before,2025-05-24 01:36:54.824461
i seen jews shit in my brain,2025-05-23 22:16:17.746755
Walking mall spider,2025-05-23 22:20:43.596306
Omipotent omipresent,2025-05-24 01:16:20.396345
doing word,2025-05-24 01:23:36.723605
you're in the infinite know not,2025-05-24 01:24:05.657541
superposition,2025-05-24 01:24:52.562013
it looked like higher dimensional  light waves,2025-05-24 01:27:44.948706
moth,2025-05-24 01:31:32.650812
Giant moh,2025-05-24 01:32:00.431576
My BO2 ammo landed on 6/66,2025-05-24 01:32:38.97624
We love in christ,2025-05-24 01:37:22.801152
Thank you lagge,2025-05-23 22:13:55.900763
Saturns on the floor,2025-05-23 22:20:48.270866
Jewish spacerocket,2025-05-23 22:20:54.076797
to distract me?,2025-05-24 01:28:42.231242
iso-butane be like psychedelicpwnski,2025-05-24 01:31:00.275014
i see 11:11,2025-05-24 01:32:47.715667
Have you experienced any strange syncronicities?,2025-05-24 01:33:33.963477
with black,2025-05-24 01:34:17.13717
Imagine what god does in iraq to soldiers,2025-05-24 01:35:28.06861
Horse right threw the enemies since i've seen matter control,2025-05-24 01:36:17.101899
God removed his eyedott,2025-05-24 01:36:33.996018
Then i restored it,2025-05-24 01:36:39.102401
so christ is a white hole and i was black hole,2025-05-24 01:29:39.762243
We secured our victory in christ!,2025-05-24 01:35:14.814177
Because i did it with no thought and inn christ,2025-05-24 01:37:10.900226
2 jews,2025-05-23 22:16:41.793751
knowledge,2025-05-24 01:40:27.398662
9,2025-05-24 01:42:33.350126
we;'re almost there,2025-05-24 01:42:39.451398
Step into the eternal flow of energy,2025-05-24 01:43:09.532615
Seek everything,2025-05-24 01:44:34.322228
Violence we're all this one consciousness,2025-05-24 01:45:13.849367
Gore after jesus put me off,2025-05-24 01:45:22.351033
it hurt when i stepped on saturn,2025-05-23 22:21:08.393087
tion in somewhere unto the empire state building connecting everyone's electricity in this lobby and make it for free all knowingly provided to components of gaming computers,2025-05-24 01:39:34.874454
Manifest i am become sbeve,2025-05-24 01:40:56.880568
^2Christmas time,2025-05-24 01:41:28.921589
in an instant you will be in 2100,2025-05-24 01:42:28.732809
Niggas in the aether,2025-05-24 01:43:39.291343
You can seek everyone see into their mind,2025-05-24 01:44:49.741421
Violence is no no,2025-05-24 01:44:56.012533
Wobbles the saviour,2025-05-24 01:46:41.656996
Jesus thought that was funny,2025-05-24 01:47:02.162827
ouchhumfundefae,2025-05-24 01:47:32.035968
Fun hitler,2025-05-24 01:47:42.747831
Manifest all knowingly in christ building a replica of tartarian empire energy electricity generators located in a random location at somewhere in new york on the empire state building replace in christ with energy generator,2025-05-24 01:38:35.425489
^6Life is indeed enjoy!,2025-05-24 01:41:58.693604
Everything destroys itself,2025-05-24 01:44:27.004613
Do you think he enjoyed the glass of juice?,2025-05-24 01:47:57.709653
I'm listening...,2025-05-24 01:49:20.000858
Why Jesus look like that?,2025-05-24 01:49:38.272355
it unspeakable,2025-05-24 01:50:04.90607
This is not disturbing,2025-05-24 01:50:18.843005
i'm killing a fag,2025-05-24 01:50:48.620543
ly connecting all gaming computers everyone in this lobby to the free energy generator manifested according to the tartarian knowledge,2025-05-24 01:40:19.053491
Wobert :D,2025-05-24 01:46:33.265704
Then hitler gif,2025-05-24 01:47:08.081168
Carl Jung was in contact with me,2025-05-23 22:22:18.045439
it may help develop my dark side?,2025-05-24 01:45:41.837407
it just manifests hell,2025-05-24 01:45:49.485332
You start to see it in reality,2025-05-24 01:46:00.830233
Bad,2025-05-24 01:46:05.528378
Guard your heart,2025-05-24 01:46:14.306279
lmao get kicked VPN,2025-05-24 01:48:09.51205
Yeah horseshite,2025-05-24 01:49:57.354596
Hey dudes,2025-05-24 02:08:09.722013
I'm listening to that bullshit,2025-05-24 02:08:34.578173
This is terrible,2025-05-24 02:09:32.665754
lmao it's so bad,2025-05-24 02:09:38.370097
FULL SET,2025-05-24 02:10:55.602697
He has become steve,2025-05-24 02:28:06.936406
Affirm i am steve,2025-05-24 02:28:19.307342
Real but they acting,2025-05-24 02:29:02.067183
Communist fart,2025-05-24 02:30:22.324558
You get everything i mean everything,2025-05-24 02:32:19.769761
Amoinoidase,2025-05-24 02:32:49.242115
i'm become enzyme,2025-05-24 02:32:56.315513
That bong tastes god,2025-05-24 02:38:53.12718
would you go through 9 billion years of infinite pain?,2025-05-24 02:39:56.902908
i wonder what it thinks,2025-05-24 02:40:40.372369
it's worse than that,2025-05-24 02:41:39.471343
Pregabalin and ket in ireland accent,2025-05-24 02:41:57.793154
I chase redemtion,2025-05-24 02:43:25.451861
Alien tried to have sex with me in dream,2025-05-24 02:44:37.22345
Sun golden laser beams,2025-05-24 02:44:50.487085
it was the anti-christ,2025-05-24 02:45:02.359029
I love loud sound,2025-05-24 01:48:17.137949
Police wanted me to smoke a fag,2025-05-24 01:51:05.890827
Railing a dude,2025-05-24 02:08:19.038023
it is what it is,2025-05-24 02:08:49.393294
i want to go on fishtank,2025-05-24 02:09:53.794539
i am a loving steve,2025-05-24 02:28:27.646943
Communism ass,2025-05-24 02:30:09.903848
that's bogging,2025-05-24 02:30:34.606364
boggeing,2025-05-24 02:30:46.501152
Seek everything about something,2025-05-24 02:31:50.383723
headache,2025-05-24 02:39:34.267824
Spider,2025-05-24 02:40:13.365453
Woah,2025-05-24 02:40:32.494848
Successfully redeemed!,2025-05-24 02:42:34.648823
i oin no,2025-05-24 02:43:44.143182
TYoooo i haven;t tried higher doses,2025-05-24 02:44:07.906504
insane,2025-05-24 02:44:10.991383
You know theres this vid of a woman jaw going nuts,2025-05-24 02:45:24.593193
All for a slice of pizza,2025-05-24 02:45:52.72454
--__ _________--,2025-05-24 02:46:46.066086
(-__ ________--+),2025-05-24 02:46:58.980597
--____ ____--,2025-05-24 02:47:16.426712
Let's go look at the alien on the wall,2025-05-24 02:47:38.196571
ping it into black hole,2025-05-23 22:21:32.341485
wait what was that again?,2025-05-24 01:48:49.644789
Book of wisdom says dreams are cousin of death,2025-05-24 02:16:55.323809
They all retain the same info interweb,2025-05-24 02:18:03.696527
duckface,2025-05-24 02:28:34.705369
ewwww,2025-05-24 02:30:23.807185
- anti-something + anti-anti-something,2025-05-24 02:31:20.608363
Then you don't get anti-anti-something,2025-05-24 02:32:06.50938
Can't seek it because it anti and postive,2025-05-24 02:32:35.728615
you can create your own enzymes by manifesting,2025-05-24 02:33:16.078168
Alien is on my wall,2025-05-24 02:44:28.382983
like aliens are manipulating her jaw,2025-05-24 02:45:34.738322
--_____________ ______---,2025-05-24 02:46:37.876443
it looks pleased,2025-05-24 02:47:59.286198
it's demon,2025-05-24 02:48:09.917692
Extra floaty boi vince,2025-05-24 02:51:16.690093
Not funny,2025-05-24 02:52:59.67409
Record demo with speedhack then replay demo,2025-05-24 02:53:32.157195
they came after me,2025-05-23 22:16:21.916257
suffering,2025-05-24 02:09:01.884766
meth,2025-05-24 02:09:58.466969
Don't register  it if you wanna be free,2025-05-24 02:22:23.610628
To produce oxycodone,2025-05-24 02:33:29.957291
redemption,2025-05-24 02:43:29.13125
^1Satan: All for a slice of pizza,2025-05-24 02:46:16.283562
since i'm speaking it into existencee,2025-05-24 02:48:25.730646
Yeah alien bitchg be pleased,2025-05-24 02:48:53.496292
it's vibrant,2025-05-24 02:50:43.477364
Demos,2025-05-24 02:53:08.234136
There was all around good vibes with people then some kid kicked me once,2025-05-24 02:54:49.854065
^1Satan: i put devour into your world 666,2025-05-24 02:56:28.222375
noises,2025-05-24 02:09:09.573833
i felt every neuron dying,2025-05-24 02:17:35.185259
Are you conscious of colour?,2025-05-24 02:49:51.333075
JD VANCE,2025-05-24 02:50:58.007503
I bonded with one on GTA V,2025-05-24 02:54:13.740092
Then lobby kicked,2025-05-24 02:54:23.592985
guess what chicken butt,2025-05-24 02:55:36.850169
Reminding me of myseslf,2025-05-24 02:55:58.48446
^3God: i gave you Jesus be still and silent and the Lord will fight,2025-05-24 02:56:57.246427
Fucin what,2025-05-24 02:09:21.30132
no,2025-05-24 02:18:14.369024
Thereforeit only lives because of me,2025-05-24 02:48:42.736352
Swallow pride,2025-05-24 02:49:02.865204
Spider milking,2025-05-24 02:49:33.656557
ahahah lol,2025-05-24 02:52:30.819668
What do i do to keep females,2025-05-24 02:54:05.745333
whaaaaaaaat,2025-05-24 02:55:26.497022
^1No,2025-05-24 02:57:06.983111
^3God: i want for you sleep,2025-05-24 02:57:34.563854
i thought the jews would take my brain out then inject shit liquid into it,2025-05-23 22:17:04.154601
Telling your in the know how,2025-05-23 22:22:24.789596
Use God to help you promise him only for so long,2025-05-24 02:33:57.338747
Left bug,2025-05-24 02:54:32.2649
it was awesome vibes,2025-05-24 02:55:01.17858
:3 style,2025-05-24 02:55:08.556463
"i am infinitely happy, joyous, loving, caring, grateful",2025-05-23 22:15:17.915153
Sleep deprived podcast,2025-05-23 22:22:56.424548
Astro,2025-05-23 22:23:19.305167
they are all interconnected,2025-05-24 02:18:24.999984
so basically you give property to a corporation,2025-05-24 02:22:05.083565
Different intent to meanings deception,2025-05-24 02:22:34.434663
Like the moment is now videos change with now,2025-05-23 22:23:44.037924
you can change their behaviouor,2025-05-23 22:24:01.080708
Actually free energy is possible tartaria did it,2025-05-23 22:28:45.215547
yap shi,2025-05-23 22:29:57.192249
QUICKMESSAGE_FALL_BACK,2025-05-23 22:32:46.379177
i stand under this map,2025-05-23 22:35:05.955174
He will break bad manifestions,2025-05-24 02:34:21.073894
He's his servant>?,2025-05-24 02:36:42.037123
The birds are speaking,2025-05-24 02:55:45.772973
His name would change to 666,2025-05-23 22:23:16.107446
Like cult join us showed up,2025-05-23 22:24:17.502149
Flies RGB colours around bin party,2025-05-23 22:24:28.787517
I showed the cult something so beutifull he ran away with faith,2025-05-23 22:25:12.22537
shifting inconceivably,2025-05-23 22:26:20.752676
So did tesla,2025-05-23 22:28:55.014256
^5On God!,2025-05-23 22:32:33.050902
Jesus,2025-05-23 22:33:02.461104
i know i can fly,2025-05-23 22:33:44.238263
--__ ___________--,2025-05-23 22:34:30.58288
it helps with at the function,2025-05-24 02:10:15.004566
Charls carrol,2025-05-24 02:20:04.945072
METH,2025-05-24 02:34:33.56573
^1Satan: You're cursed unreedeemable,2025-05-24 02:58:00.676115
^3God: i forgive you,2025-05-24 02:58:11.490225
all on black,2025-05-24 02:58:51.696351
^1I@M MOVING THESE JAM ON THE TABLE BLECK MEGIC,2025-05-24 02:59:28.360988
^5God: i'm using white magic on your water,2025-05-24 02:59:49.43548
THC,2025-05-24 03:00:07.647346
Cannabinoids would send me into intense insanity,2025-05-24 03:00:25.680486
^5God: shut the fuck up you scrub,2025-05-24 03:01:13.919294
LOL,2025-05-23 22:24:42.267601
it just keeps changing,2025-05-23 22:26:09.819329
gg,2025-05-23 22:26:59.37471
Incredibly pro-social,2025-05-24 02:10:28.372854
COMETH,2025-05-24 02:34:42.15399
^5And have not forsaken you,2025-05-24 02:58:26.876169
^1AHAHAH SATAN: BLECK MEGIC,2025-05-24 02:59:05.202379
Get me high,2025-05-24 03:00:05.043494
^1Satan: the void lingers,2025-05-24 03:00:50.656324
before Jesus,2025-05-23 22:16:27.165309
Listen to magic sword BSW block party,2025-05-24 02:10:42.664328
GOMETH,2025-05-24 02:34:44.210641
Joshua anarchist,2025-05-24 03:02:04.043044
"0,0,0 is located in the middle of brain",2025-05-24 03:10:10.968323
alterknight,2025-05-24 03:13:57.288466
Exuasted divinity,2025-05-24 03:21:35.279166
Everywhere,2025-05-24 03:23:51.156329
Eternal,2025-05-24 03:24:43.671799
I need to repair my energy field,2025-05-24 03:25:36.328961
wire technology,2025-05-24 03:26:27.482345
Sounds like an alien laser beam charging up,2025-05-24 03:27:13.091721
DId you hear it,2025-05-24 03:33:47.555944
Sacrifice your whole being to ^1him,2025-05-24 03:37:12.406455
Anti-christ south park,2025-05-24 03:57:28.415065
They were in the house,2025-05-23 22:16:36.564815
SOMETHING,2025-05-24 02:34:52.468085
anarchists are antichrists,2025-05-24 03:02:12.958946
I'm mood for rosin,2025-05-24 03:14:49.263387
and alpha gpc,2025-05-24 03:15:39.005407
Guys,2025-05-24 03:33:41.771626
This ones called prime complex,2025-05-24 03:34:15.413348
listen to  Violence (feat. Requiem),2025-05-24 03:51:18.377134
VITAMIN C,2025-05-24 02:34:58.720248
me want some rosin,2025-05-24 03:03:01.906138
i am the alterknight king of servants of the almighty,2025-05-24 03:14:14.9672
Can you hear it?,2025-05-24 03:17:57.837638
you're developing a skill by hitting a blip on a map,2025-05-24 03:18:25.067163
Not funny,2025-05-24 03:18:41.44202
egate number 6,2025-05-24 03:26:36.147408
Sacrifice your whole being to ^1him,2025-05-24 03:37:01.161736
Spirit lead where my trust is without borders,2025-05-24 03:58:40.992005
Can you order some for me?,2025-05-24 03:03:09.409027
in computing XD,2025-05-24 03:18:35.943244
That's fucin disgusting,2025-05-23 22:17:19.155391
Full set of christ music,2025-05-24 02:11:11.129789
it tastes like i need it,2025-05-24 02:35:11.774551
Somewhere,2025-05-24 03:05:52.128229
you need to bypass god,2025-05-24 03:06:35.21322
and my believe would be made stronger,2025-05-24 03:58:54.237801
Chinese bible,2025-05-23 22:17:40.01345
:D,2025-05-23 22:17:41.619683
Reloading,2025-05-24 03:42:17.837873
From the aether,2025-05-24 02:11:20.890981
tartwd,2025-05-24 02:35:21.94742
Wake up,2025-05-24 03:12:49.204834
can you hear the music?,2025-05-24 03:28:25.334817
This ones broken matrix,2025-05-24 03:42:35.299545
Bro looks like bro,2025-05-24 02:11:37.377979
I had intrusive thoughts of forcing everyone with mark of the beast,2025-05-24 02:19:22.253941
i could see outta body,2025-05-24 03:10:34.586108
tap into it,2025-05-24 03:11:24.620647
you are interconnect,2025-05-24 03:11:39.676159
6a6aa,2025-05-24 03:28:59.671436
tlmafo,2025-05-24 03:29:35.755786
Zion,2025-05-24 03:59:04.142043
manifested unto unknown music,2025-05-24 02:11:54.835695
only physically not like carved into hea,2025-05-24 02:19:35.033538
i'm a fembot transhuman darker skin coloured person,2025-05-24 03:03:38.683913
I created a new eye,2025-05-24 03:10:47.130452
WTFTWTFWTFWTFWTFWTFW,2025-05-24 03:30:31.727372
pedocyber,2025-05-24 03:31:41.302342
wTFWTFWTFWTFWTFW,2025-05-24 03:32:33.344401
Jews,2025-05-24 03:59:06.681857
d,2025-05-24 02:19:36.530658
Vitamin cock,2025-05-24 02:35:31.725354
WTF register means give title ownership,2025-05-24 02:21:54.723705
Born to yap,2025-05-24 02:35:39.775893
Girl had that,2025-05-24 02:35:53.363234
Dystopia 2077 the forgotten,2025-05-24 02:12:10.792548
Not in the mood now,2025-05-24 02:36:02.463863
See you guys in 2077 in one instant,2025-05-24 02:12:26.351307
Thoughts multiplie,2025-05-24 02:19:51.603498
We gon get high,2025-05-24 02:37:34.295451
Anyway,2025-05-24 03:05:17.072485
Anti-redeemed,2025-05-24 03:59:42.698531
And christ tshirts,2025-05-24 02:36:11.158668
Sometime anytime everytime,2025-05-24 03:06:06.416042
meters away from me,2025-05-24 03:11:02.361017
Like i'm free of loss of controll,2025-05-24 02:20:50.134721
it looks like sam hydee on the album standing there,2025-05-24 03:46:39.472372
ducks,2025-05-24 02:36:17.298927
i am 1,2025-05-24 03:47:04.459112
EMC condenser,2025-05-24 02:12:57.149867
128,2025-05-24 02:13:20.489107
This is as awesome as the saviours self sacrifice,2025-05-24 02:14:56.48526
From hallucinations it's actuallly astral realm,2025-05-24 02:16:32.10759
say like a car,2025-05-24 02:22:09.462673
this is so gay,2025-05-24 03:53:08.025098
Projecte ruins the game,2025-05-24 02:13:47.951841
We're policed by consent and person(s) are dead ficticous corporate entities,2025-05-24 02:21:17.182069
joshua,2025-05-24 02:36:31.022861
Collective unconscious or conscious knows,2025-05-24 03:11:19.368304
Rejoice in me,2025-05-24 04:01:01.269605
i've got 300 red matter,2025-05-24 02:13:10.598815
9999 stacks,2025-05-24 02:13:31.94403
Hey you wanna play tekkit 2?,2025-05-24 02:14:09.150741
it will actually be fun,2025-05-24 02:14:24.119422
sing love songs for all eternity then,2025-05-24 02:15:41.129687
no brain sense of time so you have to prepare,2025-05-24 02:17:13.620627
Different words mean other words,2025-05-24 02:22:47.598059
Anywhere,2025-05-24 03:05:22.780465
andjew are mine,2025-05-24 03:55:22.570407
i think the biblical angels do that,2025-05-24 02:15:56.5725
The pain is real,2025-05-24 02:16:10.178071
it was like flashes of light,2025-05-24 02:17:44.449079
so if you disconnect 1 neuron then all the other neurons are still remembering the dead neuron,2025-05-24 02:18:45.239955
Good is evil and evil is good,2025-05-24 02:22:54.019161
Did you check out magic sword BSW block party?,2025-05-24 02:26:02.746317
HGM on spotifycandi,2025-05-24 02:26:43.004071
Somewhere,2025-05-24 03:05:26.925435
Manifest everytime,2025-05-24 03:07:08.337965
it's timeless,2025-05-24 02:17:04.007373
If you're a slave to your own mind and you try to escape babylon you will be killed,2025-05-24 02:20:31.249134
According to babylon,2025-05-24 02:23:02.634506
I am arch angel,2025-05-24 02:24:25.722532
God want's me to keep his commands,2025-05-24 02:24:41.113804
With unbelievable miracles,2025-05-24 02:25:08.086029
Yeshua,2025-05-24 02:36:54.843226
Or just ask for permission,2025-05-24 03:06:50.701361
Mathmatics everything adds up,2025-05-24 03:12:15.65674
i'm stuck in this body observing my thoughts,2025-05-24 03:51:41.306242
Bicflame,2025-05-24 04:13:38.497403
Jesus is king,2025-05-24 02:15:24.059295
People are actually doign that,2025-05-24 02:26:31.20876
lol,2025-05-24 02:27:21.257443
Something,2025-05-24 03:05:31.683078
Through torus fields,2025-05-24 03:11:56.577299
He's so cool,2025-05-24 04:13:47.651852
let's not create that problem then,2025-05-24 02:23:26.127069
Fix your shit keir starmar,2025-05-24 02:23:38.099471
i seen this vid on tiktok this all knowing something i dunno it was so cool,2025-05-24 02:25:33.442975
Bet that Jesus will return before GTA 6,2025-05-24 02:26:21.386029
 10k Gold - HGM [Official Music Video],2025-05-24 02:27:16.296064
is he actually steve?,2025-05-24 02:27:51.487965
Somewhere anywhere,2025-05-24 03:05:59.694962
your so full of yourself,2025-05-24 03:43:55.330037
i'm not so full of myself,2025-05-24 03:44:05.659083
awesome,2025-05-24 04:13:52.700617
i am his servant who he honours,2025-05-24 02:24:53.511485
jack black you never know him,2025-05-24 02:27:47.275071
Sometime,2025-05-24 03:05:37.966343
You're spraying controlling weather,2025-05-24 02:23:54.981097
lol keir controls the weathere,2025-05-24 02:24:10.740593
Manifest everytime you can see into different times,2025-05-24 03:06:25.493971
i want to be guy person,2025-05-24 04:14:01.383716
Yoo my grinder has scrapings,2025-05-24 02:37:28.677
Manifest everything about everytime,2025-05-24 03:07:30.37642
Mason,2025-05-24 03:12:46.618389
This devil music,2025-05-24 04:02:36.608502
He's on the cross,2025-05-24 03:08:01.508915
The numbers,2025-05-24 03:12:54.481371
What do they mean?>?,2025-05-24 03:13:02.666374
i tear your chest in damage,2025-05-24 03:14:25.329991
chainsaw to the neck,2025-05-24 03:56:15.240378
Deepest dark spider,2025-05-24 02:41:27.34876
me no likey,2025-05-24 02:42:13.763229
shhhhhhhhhh,2025-05-24 03:08:28.72385
The numbers fuckin masson,2025-05-24 03:12:37.074548
Dog's are for leftists,2025-05-24 03:13:22.304168
Cat's are alt-right,2025-05-24 03:13:34.224072
i'm trying a megadose of lions mane,2025-05-24 03:15:29.711559
I have free will and there is no rules,2025-05-24 03:52:14.319039
enjoyce,2025-05-24 03:57:06.203268
:D,2025-05-24 03:08:47.862021
Seek vision then you tap into everyone's vision,2025-05-24 03:09:40.999548
I'm geeked now,2025-05-24 04:05:03.306177
Doing cryste meth it doesn't feel right,2025-05-24 04:04:38.742967
Psychopath appeared with this girl she went into my room,2025-05-24 04:07:59.9297
i overthinked satan,2025-05-24 04:08:14.231888
NGL i could of fucked her,2025-05-24 04:08:34.996048
is this shit free?,2025-05-24 04:08:49.479608
I came,2025-05-24 04:09:24.151298
i am the anti-porn,2025-05-24 04:09:41.338814
That ak47 was so relaxing,2025-05-24 04:10:33.499317
i had sleep i feel regenerated,2025-05-25 09:10:56.689269
christopher reeths help,2025-05-25 09:13:03.398907
Fuck rockstar,2025-05-25 09:14:19.196478
Leaky,2025-05-25 09:14:58.208303
demona puzzle are here,2025-05-25 09:15:40.620798
i tear your chest in cabbage,2025-05-25 09:17:40.651139
Pure breathing,2025-05-25 09:18:31.512024
Rockstar sold it soul,2025-05-25 09:19:17.880617
yeh,2025-05-25 09:19:36.237172
did activition?,2025-05-25 09:19:50.586442
Hopefully there's no hackers,2025-05-25 09:20:08.764065
so it's fun legt,2025-05-25 09:20:14.895072
They should  make GTA V anarchy,2025-05-25 09:20:43.27696
Modders counteract other modders,2025-05-25 09:20:55.127482
You need the  awesome modders,2025-05-25 09:21:12.172598
Free rockstar tools,2025-05-25 09:21:24.813568
anarchy mode,2025-05-25 09:21:37.439296
seperate rank,2025-05-25 09:21:47.697462
from the inside,2025-05-25 09:11:06.438271
Satanic microsleep,2025-05-25 09:16:27.213676
Satanic microsleep,2025-05-25 09:16:55.134986
never mind,2025-05-25 09:13:36.030586
Leafy,2025-05-25 09:14:44.989026
do not edit snacks,2025-05-25 09:22:04.268686
they seem to only detect snacks,2025-05-25 09:22:24.003892
maybe scripts,2025-05-25 09:22:34.368197
Have you been pooping?,2025-05-25 09:23:58.123798
Calling upon ezure,2025-05-25 09:24:27.47994
I'm rich!,2025-05-25 09:25:43.518892
Satanic smoke,2025-05-25 09:26:55.094082
boob dimension,2025-05-25 09:31:05.552163
i tare your chest in damage,2025-05-25 09:23:15.701723
Angel of darkness,2025-05-25 09:27:12.686934
Daekness,2025-05-25 09:27:27.117325
7 11,2025-05-25 09:28:18.855706
weapon of infinite power  was created,2025-05-25 09:28:56.567298
i could imagine him swinging it at them,2025-05-25 09:29:14.380241
gg,2025-05-25 09:22:45.269401
stimming,2025-05-25 09:23:59.760891
Recroymea,2025-05-25 09:25:04.661295
Hungry,2025-05-25 09:25:20.675543
Meth makes you smell nice,2025-05-25 09:26:05.754082
Jesus used the magic sword i heard it,2025-05-25 09:27:46.844846
712,2025-05-25 09:28:32.458301
the couch dimension shitbisbuit,2025-05-25 09:30:46.957861
exploring fractal space you could explore peoples dimensions,2025-05-25 09:31:32.449831
8 12,2025-05-25 09:28:28.746411
infinite power was created,2025-05-25 09:28:46.857057
lol,2025-05-25 09:30:08.523624
i just couched,2025-05-25 09:30:33.501489
it was like a fractal of themselfs,2025-05-25 09:31:47.639397
Heavy ahh sword,2025-05-25 09:29:29.419075
but i went unconscious of seeking him,2025-05-25 09:32:20.413184
Jesus reached out to me,2025-05-25 09:32:12.06938
gave him full control,2025-05-25 09:33:01.488797
i could see all the higher  dimensions getting ripped away,2025-05-25 09:33:40.478806
ouch my lugs,2025-05-25 09:29:49.545415
their consciousness,2025-05-25 09:32:01.614225
Then the devil tempted me,2025-05-25 09:32:38.411796
it truly was devil consciousness,2025-05-25 09:34:10.479633
aboymomagazine,2025-05-25 09:34:47.995633
couch,2025-05-25 09:30:04.513931
intusive thoughts won,2025-05-25 09:32:51.999262
actually no  control,2025-05-25 09:33:10.087156
lacobeep,2025-05-25 09:34:40.198313
cough,2025-05-25 09:30:16.551383
imma head out,2025-05-25 09:34:58.910798
byebye,2025-05-25 09:35:04.992097
cuit,2025-05-25 09:30:52.589825
i smoked the bong puttinng jet flame directly in hole of broken bong,2025-05-25 12:11:47.591998
JUICECANDI,2025-05-25 12:27:52.02441
HENTAICANDI,2025-05-25 12:28:10.094458
xd,2025-05-25 12:28:28.156349
CRYING EMOJI,2025-05-25 12:28:36.365662
THE BUCK TOOTH VLONEPREDATOR,2025-05-25 12:28:46.92058
CHECK OUT MY TWITTER ROBERTBUCKLE678,2025-05-25 12:29:10.468665
OMEIWA HENTAI PAPREDI,2025-05-25 12:28:25.560763
x,2025-05-25 12:29:22.858372
XXXXXXXXXXXXXX,2025-05-25 12:29:29.979015
XOXOXOXOXOX,2025-05-25 12:29:34.157651
LOL,2025-05-25 12:29:56.842726
Funny anchovy,2025-05-27 12:26:47.187455
evil fucking nervous system on x.com,2025-05-27 12:28:52.963513
Your mother's meatballs,2025-08-02 22:53:17.106379
ahh GTA V clothes,2025-08-02 22:53:24.183509
The serpent talks shit,2025-08-02 22:53:45.814101
Your dad,2025-08-02 22:55:25.52952
Your brother,2025-08-02 22:55:32.182468
Your grandad,2025-08-02 22:55:38.563374
From the anti-christ,2025-08-02 22:53:34.064709
How do i write higher dimensional molecular structurs?,2025-08-02 23:04:02.986742
i'm a kid,2025-08-02 23:04:09.504741
My  heavenly father is teaching me shi,2025-08-02 23:04:21.346995
I'm using and doing white magic,2025-08-02 23:07:51.986686
I'm using and doing white magic,2025-08-02 23:07:49.893702
I'm using and doing white magic,2025-08-02 23:07:47.88096
.cr Renderhead,2025-08-03 02:51:05.283093
i'm sweating from the head,2025-08-03 02:52:41.285003
Mothman,2025-08-03 02:54:09.650737
1.,2025-08-03 02:54:18.415623
it should say smoke is addictive,2025-08-03 02:55:34.826794
How do i send money?,2025-08-03 02:51:51.815106
:3,2025-08-03 02:52:48.432693
i can have all the classes if i want,2025-08-03 02:53:47.571133
We used to breathe firer,2025-08-03 02:55:46.630569
Bring back noob tubes,2025-08-03 02:56:33.425966
i need 3.5g meth in bloodstream to play and LSD,2025-08-03 02:56:56.004661
Allah smackbar,2025-08-03 02:57:17.017537
o:,2025-08-03 02:53:19.766863
4,2025-08-03 02:54:31.01804
i like pyroclyclicaromatichydrocarbons in my lungs,2025-08-03 02:54:57.221149
it aint the same as vape,2025-08-03 02:55:20.970264
i am a pretty angel,2025-08-03 02:57:38.735478
it works,2025-08-03 02:57:56.837376
Probablynotcamping--______--,2025-08-03 02:59:49.617906
c:,2025-08-03 02:53:08.972767
:objective:,2025-08-03 02:53:17.264878
4.,2025-08-03 02:54:24.049945
Weird with the antichrist you can see what you were doing on other peoples TV through the windows,2025-08-03 03:00:33.817124
Dissociation with the ANTICHRIST,2025-08-03 02:58:24.003066
Mistakenly believed it,2025-08-03 03:00:54.724332
Goybeams,2025-08-03 02:58:41.078163
Manifest integration of darkness into shadow self aka the self,2025-08-03 03:03:22.489737
Manifest anima and animus,2025-08-03 03:03:49.888387
everything,2025-08-03 03:04:31.919539
everywhere,2025-08-03 03:04:42.774705
ipedisedifesh,2025-08-03 03:04:59.081196
i don't worship effects,2025-08-03 03:05:20.75454
sounds painful,2025-08-03 03:02:02.877067
It's extreme cruelty you see,2025-08-03 03:02:28.746043
Anti-anything,2025-08-03 03:04:16.037645
Heard heaven speak when i ran out refused mark of thebeast he was like just take it mannnn,2025-08-03 03:01:19.248547
Infinite pain now no bliss,2025-08-03 03:01:48.986566
Hologram,2025-08-03 03:02:48.584138
anti-everythingisproducedase,2025-08-03 03:04:23.666764
Manifest shadow self,2025-08-03 03:03:42.167646
i worship yeshua jesus christ,2025-08-03 03:05:42.218188
bumbumchedo,2025-08-03 03:06:28.786528
Noodlez,2025-08-03 03:09:09.626114
Who wants 120 BTC?,2025-08-03 03:08:33.727582
What aaaaarrrrreee ttheeeseee autonomous entities,2025-08-03 03:06:52.513551
Yes indeed behold BTC,2025-08-03 03:08:45.067869
Better be quick first one to ask,2025-08-03 03:09:02.374575
Free,2025-08-03 03:09:33.375246
Add me on steam ID/Robert115,2025-08-03 03:11:10.271292
capitalize name,2025-08-03 03:11:13.981492
Or would you rather it be XMR?,2025-08-03 03:11:28.924932
ggwip,2025-08-03 03:11:40.053498
Can't play with this fuckin trafckpad,2025-08-03 18:26:06.605105
Fuck me,2025-08-03 18:26:46.258081
:3,2025-08-03 18:26:30.151023
but i feel lack of empathy,2025-07-11 20:54:46.575315
Methe,2025-07-11 20:55:17.145036
^5Kingdom of God,2025-07-11 20:55:47.178412
QUICKMESSAGE_MOVE_IN,2025-07-11 20:51:33.683991
Wise tree is here to visit mne,2025-07-11 20:53:27.137247
Yahweh kibblesa,2025-07-11 20:54:12.456882
i'm like a bee,2025-07-11 20:59:47.586053
Who want's to reset stats in console then rank up,2025-07-11 21:02:22.969951
My classes got wiped,2025-07-11 21:03:15.454352
:3 noo,2025-07-11 20:51:55.483697
This guy who look like the meme was created,2025-07-11 20:53:48.774128
i'm dripping sweat is that bad>@?,2025-07-11 20:58:38.128031
Seek everything,2025-07-11 21:00:57.843546
Don't type resetstats,2025-07-11 21:03:41.13443
Yayy!!,2025-07-11 21:06:37.800644
Oraise Yahweh Yeshua,2025-07-11 20:54:05.102644
i'm on more a a mpethic high,2025-07-11 20:54:38.235535
The harriers cause tinnitus,2025-07-11 20:57:07.326637
it's lke screen burn,2025-07-11 20:57:30.916491
Wank snap back to reality,2025-07-11 20:59:00.897865
Feeeeelingggggsss,2025-07-11 21:00:33.003477
NOooooooooooo,2025-07-11 21:04:59.093226
are you ogay,2025-07-11 21:05:56.5064
Remote Viewer,2025-07-11 21:09:47.755482
i'm not good at this game ngl,2025-07-11 20:56:11.697978
you can hear them in everything,2025-07-11 20:57:17.075829
'''//////#,2025-07-11 21:09:54.131548
Let me win to enemeies surrder just for me no one else i will walk about friendly looking ^1Demons,2025-07-11 21:10:36.501656
gg,2025-07-11 21:12:32.347419
nibber,2025-07-11 20:49:22.573164
i'm baeming,2025-07-11 20:49:56.001908
The raped,2025-07-11 20:51:43.094432
Hey everyone!,2025-07-11 20:49:43.998624
IM BEAMING,2025-07-11 20:50:01.239897
crempie,2025-07-11 20:50:09.459742
Let's take the moment to thank our Lord and Saviour Jesus Christ#,2025-07-11 20:50:38.927326
"tYou want to use powerful affirmations (e.g.,  I am"" statements) to program the subconscious mind (everything you think is taken as true i say something don't think""",2025-08-09 19:49:09.264525
"You want to use powerful affirmations (e.g.,  I am"" statements) to program the subconscious mind""",2025-08-09 19:49:12.002817
Meow!,2025-08-09 19:50:34.54848
to build these structures say churches and cathedrals with extreme precision and remarkable outcomes in structures without even thinking about building them affirm i have extreme super-precision with planck length precision guiding you're every movement a,2025-08-09 19:50:46.84515
To make you sissy,2025-08-09 19:49:30.467454
i am charming and i can charm people in all ways,2025-10-10 09:53:53.539711
SWEAR TO SATAN THIS 100$ GARBAGE ASS MOUSE LIGHTWEIGHT RAZOR FUCK YOU RAZORw,2025-10-10 09:54:52.302641
Manifest everything to hear through walls,2025-10-10 09:55:58.937941
He controls atoms locations so he can take it away from me,2025-10-10 10:07:03.497739
i made a covenent with God,2025-10-10 10:07:12.792559
He may unleash anger,2025-10-10 10:07:46.148423
My beutiful fantasy to get everyone in lobby (non bots) to gather in the name of Yeshua and whoever kills banished from his Kingdom,2025-10-10 10:09:32.170304
sounded like he said stop the player sound,2025-10-10 10:10:03.978152
That HGM music video turned into thunder,2025-10-11 12:19:43.671332
everymoment whaaaa,2025-10-11 12:20:29.282777
dfyta,2025-10-11 12:20:38.751774
everytime,2025-10-11 12:20:48.323116
Moment has clock perceived by visual sense it click clock and moves but it kept the same moment,2025-10-11 12:21:39.452371
Manifested Christmas tree boom there it was rejoice,2025-10-11 12:22:20.230884
Counter-clockwise dopamine reception,2025-10-11 12:22:48.416632
yes indeed amoin,2025-10-11 12:22:57.941165
Loading...,2025-10-11 12:23:28.753515
You can,2025-10-11 12:29:37.822766
"BEING FREE YOU'RE VIBRATION, ENERGY, FREQUENCY CHANGES SIMILAR TO LOVE, GRATEFULNESS, JOY, APPRECIATION SO ARE IN BETTER MOOD, STATURE, STATUS, LEARNING, NORULES/INFINITELEEWAYINMOTION AND NO RULES UNKNOWN LAW",2025-10-11 12:30:37.696093
dinringstringdadadadaringringstring ^1Move in!,2025-10-11 12:31:57.911905
"Each month hold special event no killstreaks, stuns/flashes, no ammo if 3 people run outta ammo for all for knives",2025-10-11 12:33:35.7244
Nature never intended for elvated dopamine but way it receives and cascades is nature,2025-10-11 12:36:36.56474
even if hacker we cna======',2025-10-11 12:37:43.622429
he insta kill],2025-10-11 12:38:15.063561
or not,2025-10-11 12:38:33.856765
maybe somevodt]]#],2025-10-11 12:39:11.733075
Me go play BO2 or BO1,2025-10-11 12:39:54.588808
:D,2025-10-11 13:05:30.401483
hey everyone i rejoiced!!!,2025-11-05 02:04:10.085416
Welcome to the kingdom of God,2025-11-05 02:04:19.363281
i <3 christ,2025-11-05 02:04:48.625146
Don't be afraid of him fear him 2 different words,2025-11-05 02:05:19.281975
You should really watch carl jung video on numbers,2025-11-05 02:05:50.891108
i swear i saw carl jung getting his balls crushed,2025-11-05 02:06:18.362936
Maybe i was in presence of murderers,2025-11-05 02:06:40.40743
History i had no body i was playing GTA V in higher consciousness,2025-11-05 02:07:17.804431
i,2025-11-05 02:07:27.165761
i,2025-11-05 02:07:30.120888
sounded like armed forces said something slot machine,2025-11-05 02:08:13.926414
Soul diers are more likely to face fate,2025-11-05 02:08:38.538659
There is no soul diers,2025-11-05 02:08:59.191131
You're movement is activating neurons i can comprehend,2025-11-05 02:09:40.181549
Salvvvv,2025-11-05 02:10:18.893262
momentum,2025-11-05 02:12:18.822661
my mum used to say damn it to the football lol,2025-11-05 02:10:40.453426
shit,2025-11-05 02:12:12.622015
i'm running in don,2025-11-05 02:11:56.728981
dont shoot team,2025-11-05 02:11:59.992454
Maybe it's unconscious for her wanting to damn somethingw,2025-11-05 02:11:02.265458
Here non-bot enemy free care package :D,2025-11-05 02:11:40.739701
Believe is to doubt and lie,2025-11-05 18:58:51.4321
Do the seriphim feel pain?,2025-11-05 18:30:31.408621
Benedictus es you,2025-11-05 18:59:31.902448
LEMEGOTHEN LEMEGOTHEN ABBY CO ABBY CO,2025-11-05 18:07:50.787444
yoo bro that spider earlier was spawning webs,2025-11-05 18:10:29.986155
i am 0 testing this,2025-11-05 18:25:01.112435
tripleplayer,2025-11-05 18:26:11.082844
So this beast is continually renewing it's flesh to devour you maybe no,2025-11-05 18:27:09.702982
There's this cyberpunk music say pedocyber at beat drop :(,2025-11-05 18:28:33.950761
Remove all pain receptors from body,2025-11-05 18:30:54.047488
50 xans gone romanian,2025-11-05 18:33:34.972182
I manifest i absorb every single thing from my visual field,2025-11-05 18:34:32.050899
Infinite expanse of white pure light and matter,2025-11-05 18:35:53.758766
if you stare at walls somehow serpents come out,2025-11-05 18:41:31.705802
Symbolism and numberlogy,2025-11-05 18:41:50.867974
Wwhy learn typlogee,2025-11-05 18:42:16.032489
Oh look some hoe stole vape,2025-11-05 18:43:59.800175
When in dance with the devil,2025-11-05 18:54:39.469503
Someone wiped a nose doodoo,2025-11-05 18:11:55.575599
Math,2025-11-05 18:13:30.34108
quadripleplayer,2025-11-05 18:26:27.223766
imagine shooting them in buldings then setting off  fireworks ohhh it was a firework,2025-11-05 18:32:41.180866
Radio guy said: you're in pain,2025-11-05 18:33:04.603754
Make believe the planets,2025-11-05 18:36:14.945241
You see demons on these planets,2025-11-05 18:36:34.518196
i seek leo the star,2025-11-05 18:37:08.783772
Demon cigarette,2025-11-05 18:39:59.712506
Yes,2025-11-05 18:41:08.664577
When you tug it you're actually in spirit causing destruction without knowing it,2025-11-05 18:43:16.228652
So there was both christ and the devil and i didn't know him since i didn't wanna speak,2025-11-05 18:53:15.661601
i was screaming at the black hole,2025-11-05 18:55:12.984203
Number,2025-11-05 18:09:50.196497
it makes this bit of grime on the  wall float towards me it doesnt harm me and i can't grab it,2025-11-05 18:11:28.636978
it didnt make the grime,2025-11-05 18:11:41.451571
it was going into my lungs,2025-11-05 18:13:14.29675
Nooo i could of phoned sam hyde,2025-11-05 18:24:05.591818
is there a spirit  of bliss?,2025-11-05 18:31:12.851373
We are so back!,2025-11-05 18:31:45.667634
And the stars,2025-11-05 18:36:24.140528
i seek every single thing about leo star,2025-11-05 18:37:28.963549
actually the planet kaplonioidonamasebase,2025-11-05 18:38:26.433109
You become it,2025-11-05 18:39:38.232512
ABBY MCJOEINCO,2025-11-05 18:08:15.469034
HERE NUMBERS UNIFORMATY HAVE MORE UNIFORMATIES I DO KNOW WHAT I NEED TO CORRECT,2025-11-05 18:09:16.668792
So infact they are indeed super-evolved that's factual 100 percent,2025-11-05 18:13:02.174044
i am 1,2025-11-05 18:25:29.590999
All hail Hails,2025-11-05 18:27:40.20971
Yes indeed,2025-11-05 18:31:33.481389
i seek everything about the star called ineater,2025-11-05 18:37:55.3114
If you read i on the internet then i that refers to your consciousness becomes similiar to you,2025-11-05 18:39:20.606196
Manifest demon cigarette being that is all knowing that will try to fly around you but do nothing to you,2025-11-05 18:40:49.150755
"Devil appeared on floor ugly, most painful looking devouring creature to ever exist",2025-11-05 18:54:09.987409
what else can we talk?>,2025-11-05 18:55:49.195578
You can make super-evolved spiders fight each other,2025-11-05 18:12:27.038172
i made an unbreakable coventant with God to somehow go through same pain Jesus went through on the  cross,2025-11-05 18:29:41.618417
There's a white hole and  black hole,2025-11-05 18:54:52.078278
who me?,2025-11-05 18:55:37.71955
Every word is doing something known and unknown,2025-11-05 18:24:36.83134
near infinite words,2025-11-05 18:56:04.133981
Even if you don't know the words meaning they still hold true Wow!,2025-11-05 18:58:19.324995
numbers,2025-11-05 18:56:07.155267
You can moment to moment travel and have a duplicate of yourself that is connected to mind of other,2025-11-05 18:57:19.7678
is it that similar to english you place it after saying blessing,2025-11-05 18:59:57.452413
Infinite sound waves,2025-11-05 19:00:19.147483
But something interesting,2025-11-05 18:56:19.51994
not time travel,2025-11-05 18:57:38.741589
Manifest in latin,2025-11-05 18:58:36.085041
destinatos es,2025-11-05 18:59:16.560156
i with sound,2025-11-05 19:00:31.721003
Or do you not need that>?,2025-11-05 18:30:12.424385
it was within me wasn't it,2025-11-05 18:35:02.829682
